structure,n,position,operation,avg_time_ns,movements
DynamicArray,100,begin,insert,2119820,599500
LinkedList,100,begin,insert,150160,0
DynamicArray,100,begin,remove,107260,5050
LinkedList,100,begin,remove,20200,0
DynamicArray,100,middle,insert,579500,549500
LinkedList,100,middle,insert,210980,50000
DynamicArray,100,middle,remove,14640,1325
LinkedList,100,middle,remove,14020,50000
DynamicArray,1000,begin,insert,1862740,1499500
LinkedList,1000,begin,insert,97760,0
DynamicArray,1000,begin,remove,1035640,500500
LinkedList,1000,begin,remove,112620,0
DynamicArray,1000,middle,insert,1688640,999500
LinkedList,1000,middle,insert,940000,500000
DynamicArray,1000,middle,remove,281440,125750
LinkedList,1000,middle,remove,328000,500000
DynamicArray,10000,begin,insert,10659240,10499500
LinkedList,10000,begin,insert,17700,0
DynamicArray,10000,begin,remove,8775280,9500500
LinkedList,10000,begin,remove,13220,0
DynamicArray,10000,middle,insert,5571700,5499500
LinkedList,10000,middle,insert,10151400,5000000
DynamicArray,10000,middle,remove,6831540,4500500
LinkedList,10000,middle,remove,9532460,5000000
DynamicArray,100000,begin,insert,154905300,100499500
LinkedList,100000,begin,insert,51820,0
DynamicArray,100000,begin,remove,105055340,99500500
LinkedList,100000,begin,remove,20360,0
DynamicArray,100000,middle,insert,77087520,50499500
LinkedList,100000,middle,insert,100540880,50000000
DynamicArray,100000,middle,remove,47456100,49500500
LinkedList,100000,middle,remove,108258520,50000000
